ID,FirstName,LastName,Birthday,Address.City,Address.Country
1,Claudia,Dorran,1968-04-13,Stari Grad,Croatia
2,Martguerita,Kearle,1988-02-05,,
3,Raquela,Rawcliffe,1970-03-29,,
4,Elvyn,Bushell,2005-02-21,Dongtucheng,China
5,Sascha,Lilian,1972-10-26,El Guamo,Colombia
6,Xever,Fynan,1974-05-13,Không,Laos
7,Bradly,Bentham3,,Abeokuta,Nigeria
8,Ruthe,Hovard,2009-07-27,Maebaru,Japan
9,Duffie,Kynett,1987-10-28,Verkhneye Kazanishche,Russia
10,Dannie,Hobell,2013-05-15,Vratsa,Bulgaria
11,Julie,Lebbern,1968-03-04,Arneiro,Portugal
12,Dun,Downey,1994-01-18,Hepu,China
13,Bernardina,Carnall,1967-06-10,,
14,Stevie,Sellstrom,1961-12-20,Oksa,Poland
15,Terrill,Harmant,1998-09-22,Czarnocin,Poland
16,Isaiah,Giottoi,2014-11-06,Koshigaya,Japan
17,Tillie,Shieber,2017-01-08,Issia,Ivory Coast
18,Abe,Chiverton,1968-04-01,Krajan Atas Suger Lor,Indonesia
19,Monroe,Ratter,1971-01-11,,
20,Pablo,Nilges,1993-01-26,Golina,Poland
21,Sybil,Benedick,2008-04-02,Pljevlja,Montenegro
22,Julie,Strangeways,1978-09-24,San Jose,United States
23,Ellis,McWhirter,1975-08-03,Shiyan,China
24,Drucy,Growden,1966-01-19,Montalvo,Ecuador
25,Xenos,Braffington,1998-06-20,,
26,Warren,Prettyman,,Ningxin,China
27,Ronica,Seagrave,2003-05-20,Huaqiao,China
28,Ilse,Yellep,1966-09-21,Belene,Bulgaria
29,Raddy,Josifovitz,1982-03-25,,
30,Johnnie,Ketteringham,1993-01-07,Barengkok Hilir,Indonesia
31,Brandais,Safe,2001-06-29,Nizhnyaya Omka,Russia
32,Shanan,Segge,1973-01-16,,
33,Abbey,Barlace,1963-06-05,Trujillo,Honduras
34,Fernanda,Skillman,,Franca,Brazil
35,Nani,Peter,1961-05-01,Walce,Poland
36,Rivi,Gamlyn,1964-10-10,Erfangping,China
37,Laurice,Frankum,1970-11-26,Puerto San José,Guatemala
38,Andrey,Power,1971-02-10,,
39,Richardo,Hugenin,1967-01-08,Jarash,Jordan
40,Carie,Tonn,1974-12-27,Kuhmalahti,Finland
41,Sean,Goodfellowe,2012-02-21,Hendījān,Iran
42,Marcellina,Harry,1987-09-06,Wawa,Nigeria
43,Rodger,O' Hogan,2005-12-02,Orléans,France
44,Matthew,Redborn,2002-09-12,Nīkshahr,Iran
45,Meridel,Pache,1973-07-22,Capiíbary,Paraguay
46,Barney,Oddy,,Al Hadā,Saudi Arabia
47,Claudian,Labes,1973-04-02,Futuroscope,France
48,Ruddy,Archer,1961-05-17,Papringan,Indonesia
49,Tess,Blader,2015-11-29,Lachowice,Poland
50,Adolphe,Heathorn,1997-04-17,Carania,Peru
51,Pietrek,Peotz,1996-11-19,Pantang,China
52,Wolf,Asquith,1989-06-02,Yaguarón,Paraguay
53,Waite,Argontt,,El Chol,Guatemala
54,Rayner,Agostini,1962-03-06,Hatogaya-honchō,Japan
55,Joann,Leet,2015-10-03,Linares,Chile
56,Lindsay,Baythorp,,Ampelókipoi,Greece
57,Sissy,Crimpe,1982-09-04,Wangsi,China
58,Kalina,Gervaise,2009-11-03,Jiuchi,China
59,Vincenz,Scouler,1960-01-11,Zhiqu,China
60,Dom,Harrismith,1994-05-16,Dong Liang’erzhuang,China
61,Suzann,Barras,1971-04-06,Anfeng,China
62,Arron,Rixon,,Araxá,Brazil
63,Koren,Higginbottam,1984-10-26,Tumba,Sweden
64,Cori,Elijah,1992-02-29,Casal,Portugal
65,Phyllida,Enric,1987-10-18,Lixi,China
66,Irvin,Bonallack,1983-10-23,Francisco I Madero,Mexico
67,Corrina,Jahns,1989-11-16,Antalaha,Madagascar
68,Beatrisa,Bassham,1974-01-23,Saint Louis,United States
69,Ban,Amor,2002-08-15,Lengshui,China
70,Gaylord,Tregiddo,1984-06-02,Santa Cruz,Philippines
71,Wilek,Hamilton,2008-09-30,Carvalho,Portugal
72,Lusa,Olyfat,1981-03-28,Białogard,Poland
73,Hanni,Barkworth,,Wajak,Indonesia
74,Lay,Barenskie,1973-03-20,Duyang,China
75,Jackson,Clyde,2004-05-09,,
76,Estella,Prugel,1986-07-29,Labuhantanggabesar,Indonesia
77,Madelene,Gitthouse,1973-11-17,Labuhantanggabesar,Indonesia
78,Alecia,Corde,1982-06-02,,
79,Wileen,Grouer,,,
80,Ethelin,Bignell,2014-01-17,Wanlongshan,China
81,Jarret,De Antoni,1963-07-04,Becerril,Philippines
82,Silvie,Gilding,2013-04-26,Nantes,France
83,Fay,Siderfin,1992-05-28,Kiili,Estonia
84,Adrianne,Natwick,1966-11-09,Akron,United States
85,Juieta,De Bernardi,2016-03-17,Shahre Jadide Andisheh,Iran
86,Abner,Jarritt,1988-08-03,,
87,Adella,Cabera,2010-04-18,Sungai,Philippines
88,Iolanthe,Cleall,1965-11-26,Santa Tecla,El Salvador
89,Hermina,Beddard,1983-08-11,Makbon,Indonesia
90,Clair,Supple,1979-12-18,Kävlinge,Sweden
91,Krisha,Smithen,2015-05-15,Jieshipu,China
92,Paolo,Cluff,1963-11-29,Rachanie,Poland
93,Kristel,Van Haeften,1991-12-22,Mompós,Colombia
94,Ignacio,Dulson,1977-05-26,Pleiku,Vietnam
95,Hersch,Tregent,1964-07-14,Tulle,France
96,Joshuah,Bucknill,1997-10-20,Qingyang,China
97,Thea,Gatenby,1985-06-30,Guxian,China
98,Britni,Eneas,1966-09-26,Staryy Urukh,Russia
99,Aggi,Foulgham,,Yantianhe,China
100,Jobye,Madgett,2007-10-28,Jawf al Maqbābah,Yemen
101,Amelie,Grimsell,2008-09-03,La Paz,Mexico
102,Ronny,Segges,2012-10-29,Nasīrābād,Pakistan
103,Hertha,Antonsen,1979-12-11,Silao,China
104,Darius,Duprey,2000-12-26,Orléans,France
105,Frederich,Gledhill,1972-02-12,Zaghouan,Tunisia
106,Domingo,Greig,1967-02-05,Würzburg,Germany
107,Billy,Zannutti,1998-08-01,Thāru Shāh,Pakistan
108,Duffy,Vollam,1980-05-09,Simpang Ulim,Indonesia
109,Arda,Lamminam,1997-10-15,Žlutice,Czech Republic
110,Mead,Bohills,,Guitang,China
111,Dani,Ninotti,1970-03-18,Vannes,France
112,Abrahan,Armsden,1990-01-31,Yampil’,Ukraine
113,Aarika,Kubis,2011-06-07,Kalety,Poland
114,Janice,Braunle,1984-10-28,Wyszki,Poland
115,Bondy,Knotton,2007-02-08,Río Gallegos,Argentina
116,Merralee,Jiranek,2001-05-13,Bom Despacho,Brazil
117,Irvin,Grigorey,1972-02-19,Zuogaimanma,China
118,Mordecai,MacHoste,1991-06-08,,
119,Courtney,Carverhill,2016-12-07,Novi Bilokorovychi,Ukraine
120,Jack,Cotty,1993-03-11,Tuqiao,China
121,Dion,Batterson,1977-11-11,Johor Bahru,Malaysia
122,Washington,Warsop,1963-06-16,Fusagasuga,Colombia
123,Binnie,Kynaston,1967-07-21,Nancy,France
124,Curcio,Dimitriev,1994-01-13,Yao’an,China
125,Vivienne,Stuehmeier,2002-06-11,,
126,Otes,O'Hallagan,1967-08-18,Zilupe,Latvia
127,Humfried,Poulney,1961-04-05,Gopaan,Indonesia
128,Joni,Ransley,,Chernigovka,Russia
129,Marielle,Prenty,2009-05-10,Xiliguantun,China
130,Ivy,Feldberger,1977-04-16,Doro Oo,Indonesia
131,Cordelia,Kehoe,1988-01-23,Cikandang,Indonesia
132,Nonnah,Philippson,2002-05-21,Sugiharjo,Indonesia
133,Jacquelynn,Dinnies,1960-10-31,Castelo,Brazil
134,Lilah,Coddrington,2010-12-05,,
135,Agnes,Hynes,1997-05-03,Kylmäkoski,Finland
136,Geoffrey,Prater,1960-08-03,Kuching,Malaysia
137,Melonie,Machin,1984-02-08,Jingtan,China
138,Kele,Wormleighton,1965-05-19,Cinunjang,Indonesia
139,Heall,Rouby,,Oullins,France
140,Thatcher,Flott,1969-06-23,Guáimaro,Cuba
141,Demetre,Loddy,1971-10-18,Reni,Ukraine
142,Darbee,Mouncher,1983-08-24,Bailieborough,Ireland
143,Zea,Hartshorne,1975-01-13,Bang Ban,Thailand
144,Stevie,Challens,1989-01-11,Memória,Portugal
145,Noam,Dorgon,2009-06-23,Chinch'ŏn,South Korea
146,Therine,Buckthorpe,1995-11-15,Panenjoan,Indonesia
147,Kingsley,Voase,,Bukal Sur,Philippines
148,Tiffani,Dyerson,1962-06-17,Juiz de Fora,Brazil
149,Craggie,Bendan,1983-09-17,Ushirombo,Tanzania
150,Kassia,Olufsen,1961-02-26,Gudong,China
151,Obidiah,Rival,1975-10-07,Nova Iguaçu,Brazil
152,Gregoire,Speddin,2002-07-17,Liloy,Philippines
153,Mattheus,Bunning,2006-02-28,Nova Venécia,Brazil
154,Derward,Snawdon,1970-10-05,Sokolniki,Poland
155,Daisy,Yirrell,2005-12-04,Novomykolayivka,Ukraine
156,Angela,Kyberd,2009-10-31,Dos Hermanas,Spain
157,Jules,Rewan,1983-02-04,Natitingou,Benin
158,Dari,Kantor,2010-08-30,Nybro,Sweden
159,Nappy,Endrici,1976-01-20,Maringá,Brazil
160,Dyna,Matuska,1969-11-09,Cangshan,China
161,Christine,Kinker,1998-07-16,Varpaisjärvi,Finland
162,Gilbertina,Limming,1966-02-17,Manta,Ecuador
163,Marjie,Smout,1967-05-04,Sobral,Portugal
164,Alyson,Shama,1960-09-29,Fāqūs,Egypt
165,Neron,Fake,1978-10-07,Monrovia,Liberia
166,Neala,Chatin,1993-01-13,Librazhd-Qendër,Albania
167,Ianthe,Woodhead,1966-10-19,Pantin,France
168,Spike,Schultz,1975-01-21,Panyingkiran,Indonesia
169,Bernadine,Medway,1997-11-15,Greeley,United States
170,Karlotta,Simyson,1998-04-21,Rawa,China
171,Hill,Giblett,1981-07-11,San Pablo,Peru
172,Ophelia,Nisbith,2000-10-11,Ladário,Brazil
173,Evin,Sherrard,2014-07-18,,
174,Loleta,Dilawey,1985-01-26,Dawuhan,Indonesia
175,Arabelle,Le Houx,1993-08-04,,
176,Adam,Bischof,2012-04-28,Sośnicowice,Poland
177,Charmain,Cockling,2007-02-18,Xiaocheng,China
178,Prue,Bisco,2000-05-03,Ribeira Grande,Cape Verde
179,Tan,Thies,2006-04-15,Vermoim,Portugal
180,Efren,Beaves,1960-02-17,Týrnavos,Greece
181,Arturo,Jerdan,1973-12-25,San Juan de la Maguana,Dominican Republic
182,Kacey,Hoodless,2011-01-09,San Jose,Philippines
183,Kerry,Minchell,2012-11-19,Margacina,Indonesia
184,Heywood,Bisterfeld,1963-04-24,Somdet,Thailand
185,Wilmette,Breckell,,Quán Hàu,Vietnam
186,Shena,Jersch,,Abaza,Russia
187,Chelsea,Toman,2010-05-17,Sanjiao,China
188,Pepita,Beard,1967-01-04,Markaz al Marīr,Yemen
189,Bernete,Doerffer,1996-06-16,San Kamphaeng,Thailand
190,Paloma,Foran,1979-01-09,Azacualpa,Honduras
191,Hayward,Odegaard,1987-02-08,Yangjia,China
192,Minerva,Smoughton,2017-01-12,Nanterre,France
193,Larisa,Mathy,1985-06-04,Fengjiang,China
194,Krishna,Cullon,1981-01-20,Jami,Indonesia
195,Terry,Quidenham,1987-01-05,Guagua,Philippines
196,Laird,Khristoforov,1990-05-07,Durham,United States
197,Carina,Elizabeth,1992-04-30,Alès,France
198,Gabbie,McKue,2004-04-07,Tambakmerak,Indonesia
199,Lacy,Liddy,1961-01-28,Noisy-le-Grand,France
200,Ellsworth,Haggarth,2002-08-13,Dayang,China
201,Melissa,Butte,2009-12-21,Trmice,Czech Republic
202,Martelle,Ziebart,2017-02-15,Arroyo Seco,Argentina
203,Mendel,McKinley,1963-01-26,Vani,Georgia
204,Trent,Beasant,2000-02-04,Mazowe,Zimbabwe
205,Sukey,Celler,1984-02-27,Damanhūr,Egypt
206,Jillene,Bouldstridge,1981-08-24,,
207,Shina,Smye,1967-01-31,Kayes,Republic of the Congo
208,Tobe,Maureen,1981-04-08,Åhus,Sweden
209,Edee,MacAllen,,Pushkin,Russia
210,Grantham,Roycraft,2004-03-20,Ban Fang,Thailand
211,Penn,Zoanetti,1973-07-28,Candi Prambanan,Indonesia
212,Ynes,McKeeman,2011-12-30,,
213,Aeriela,Bulter,1982-07-12,Liuzikou,China
214,Georgi,Aindrais,1970-12-16,Fuji,China
215,Joell,MacCheyne,1984-05-01,Roissy Charles-de-Gaulle,France
216,Christal,Rideout,1970-04-20,Tigbinan,Philippines
217,Arin,Prevost,1998-07-09,Qarqaraly,Kazakhstan
218,Sherwood,Balstone,1980-11-29,Zhishan,China
219,Tye,Fearn,1965-12-15,Ciasna,Poland
220,Frederica,Roisen,1970-04-25,Gary,United States
221,Vernice,Gisborne,2008-04-30,Toulouse,France
222,Elfrieda,Bummfrey,1969-09-23,,
223,Amie,Komorowski,2000-01-23,Yongjiahe,China
224,Thornie,O'Heneghan,1969-06-21,Dayuan,China
225,Wilt,Howson,,Payxambabazar,China
226,Avril,Hiner,2016-07-06,,
227,Aubine,Bealton,1967-06-25,Hede,China
228,Martino,Michelin,2000-05-12,Uppsala,Sweden
229,Joscelin,Stenson,1989-07-20,Sarkand,Kazakhstan
230,Felicle,Ugoni,1978-08-26,Stockholm,Sweden
231,Bridie,Libermore,1996-01-06,,
232,Filip,Biagioni,1984-08-10,Bečej,Serbia
233,Hirsch,Kahan,2004-11-11,Borovlyany,Belarus
234,Zebulen,Ince,,Nueva Helvecia,Uruguay
235,Lyndell,McErlaine,1960-12-23,Cotton Ground,Saint Kitts and Nevis
236,Beaufort,Gresham,1993-04-16,,
237,Joella,Jillitt,1994-04-28,Shaxi,China
238,Pearla,Doolan,1964-02-22,Gafsa,Tunisia
239,Janetta,Lathey,1970-12-04,Fuhai,China
240,Francesca,Gayler,1986-12-10,Malec,Poland
241,Hannie,Cowpe,2008-01-01,Pacucha,Peru
242,Nil,Fernehough,1994-04-10,Dawu,China
243,Pauletta,Golborne,1983-07-01,Bojongloa,Indonesia
244,Blondelle,Sennett,1989-03-01,Vsevolozhsk,Russia
245,Lyssa,Pahlsson,1990-02-07,Jatirogo,Indonesia
246,Xenos,Barlow,2011-02-14,,
247,Willey,Burdell,2017-08-19,,
248,Ranee,Olivetta,1985-05-21,Nagrog Wetan,Indonesia
249,Jimmie,Goodier,1999-02-04,,
250,Agnella,Tomasi,1993-02-10,Tô Hạp,Vietnam
251,Perceval,Presnall,1960-03-13,Indianapolis,United States
252,Chad,Furman,2017-12-09,Anchau,Nigeria
253,Ulla,Cerie,1961-01-21,Liugou,China
254,Mikel,Huskisson,1970-08-06,,
255,Althea,Egalton,1978-08-21,,
256,Ken,Bedin,1968-03-25,Lipsko,Poland
257,Cookie,Shovelton,1991-07-22,Har Nur,China
258,Nanni,Penlington,2000-03-15,Zebrzydowice,Poland
259,Beverley,Leaman,1989-05-13,,
260,Kissie,Englishby,1982-05-31,,
261,Caralie,Moulds,2000-03-02,Bystřany,Czech Republic
262,Tamiko,Halvorsen,2002-11-30,Panaitólion,Greece
263,Bee,Blasgen,1968-02-23,Yevpatoriya,Ukraine
264,Urson,Edess,2012-06-11,,
265,Lin,Slaten,,West Palm Beach,United States
266,Anatollo,Landes,1963-03-07,Nis’oni,Indonesia
267,Felecia,Robertis,2016-11-15,Kalmar,Sweden
268,Jack,Kryszkiecicz,1999-06-19,Onega,Russia
269,Nobe,Coxhell,1992-08-30,Yoshikawa,Japan
270,Marlena,Cannon,1987-10-01,London,United States
271,Valle,Tomaszewicz,1965-09-24,Porto Alto,Portugal
272,Amalea,Winsiowiecki,2002-11-24,Dalianhe,China
273,Bendick,Catcherside,1978-03-27,,
274,Ugo,Garatty,1990-09-08,,
275,Meyer,Pollie,1970-04-28,Xingshou,China
276,Oneida,Belamy,,Deba Habe,Nigeria
277,Mohandas,Trayling,1979-07-28,Osby,Sweden
278,Salomi,Goldsby,1988-10-20,San Agustin,Peru
279,Robinetta,Kaine,1961-06-04,Mataraben,Indonesia
280,Siusan,Dunniom,2016-05-26,Haligue,Philippines
281,Mallissa,Burrells,,Ibirataia,Brazil
282,Agnesse,Crole,1967-08-22,Canela,Brazil
283,Skye,Gredden,2001-10-16,Volgo-Kaspiyskiy,Russia
284,Elfrieda,Beggio,2011-10-19,Giawang,Philippines
285,Georgetta,Tock,1977-12-29,Vale de Touros,Portugal
286,Aubrey,Burghall,1992-12-26,Lyon,France
287,Merrill,Rogier,2010-09-09,Jobabo,Cuba
288,Dolorita,Danjoie,1994-01-15,An Nāşirah,Syria
289,Jolynn,Chudleigh,1970-06-09,Vroutek,Czech Republic
290,Ashbey,Scroxton,1987-09-30,Líbano,Colombia
291,Nikolos,McCorry,2008-03-14,Eséka,Cameroon
292,Devin,Andersen,1984-12-03,Dadong,China
293,Lulu,Taile,1976-12-14,Buchanan,Liberia
294,Alessandra,Oliveras,1982-02-03,München,Germany
295,Perrine,Colegate,,Longos,Philippines
296,Nikolaus,Ollive,1971-06-10,Jatirejo,Indonesia
297,Isaak,Denness,2010-03-29,Ituzaingó,Argentina
298,Sheree,Mergue,1980-01-08,Samho-rodongjagu,North Korea
299,Sonni,D'Antoni,1996-01-25,Al Ibrāhīmīyah,Egypt
300,Simone,Kittle,2009-09-21,San Isidro,Philippines
301,Nicky,Churchley,2011-01-18,Tlogotunggal,Indonesia
302,Dallis,Botterill,2009-08-20,Gorelovo,Russia
303,Philip,Queyeiro,2002-10-07,Phu Khiao,Thailand
304,Babb,Adie,,Smolenka,Russia
305,Chip,Capstick,2008-10-18,Qiandeng,China
306,Delia,Roussel,1978-11-08,,
307,Alleyn,Miles,1994-10-18,Xiashitai,China
308,Mariejeanne,Krochmann,1985-03-12,Kudymkar,Russia
309,Nikolaos,Bransby,2006-12-01,Elefsína,Greece
310,Tiffany,Couser,1973-06-02,Kaduketug,Indonesia
311,Cacilie,Ragborne,,Kolobolon,Indonesia
312,Ginny,Willwood,,Nancy,France
313,Nathalie,Sifleet,1989-01-07,Banqiao,China
314,Lynn,Aubrun,1965-06-09,Jitian,China
315,Perren,Wandtke,1985-11-12,Mont-Joli,Canada
316,Elonore,Sapson,1997-11-15,San Juan Nepomuceno,Colombia
317,Stace,Stoodley,,Ruma,Nigeria
318,Daphna,Sprowson,1964-07-29,Siedleczka,Poland
319,Victoria,Pierrepoint,1992-10-10,Rungis,France
320,Emmye,Petricek,1993-01-28,Muikamachi,Japan
321,Melisande,Ghidoli,,Lochovice,Czech Republic
322,Vidovik,Coggon,1984-06-07,Unisław,Poland
323,Kylie,Mault,1964-09-07,Oytal,Kazakhstan
324,Gunner,Willson,1969-01-04,Iwakuni,Japan
325,Grazia,Weymouth,1996-07-29,Aguitu,China
326,Lianna,Dannett,2010-05-08,Portariá,Greece
327,Aime,Pragnell,1998-05-24,,
328,Mona,Heine,1962-04-23,,
329,Conrad,Rennolds,,Fenghuanglu,China
330,Jenica,Kimber,,Palykavichy Pyershyya,Belarus
331,Dela,Russel,1963-03-20,Jiangkou,China
332,Marlow,Ebrall,2006-10-18,Ranisoba,Indonesia
333,Terencio,Van den Dael,1966-09-17,Labuhanjambu,Indonesia
334,Jobyna,Clowney,1968-02-11,Xibu,China
335,Hermione,Zapater,1969-01-03,Katoúna,Greece
336,Aloysia,Fullager,2004-05-17,Lebao,Indonesia
337,Leshia,Alstead,2011-01-09,Khānpur,Pakistan
338,Jada,Gaynesford,1973-09-04,Goričan,Croatia
339,Tish,Jaray,2011-08-30,Boketu,China
340,Danielle,O'Brollachain,1989-05-29,Anzihao,China
341,Noell,Letterick,1976-03-15,,
342,Ronnica,Woolbrook,1975-05-23,Jiujiang,China
343,Mellisa,Durdle,1996-12-13,Kafr Şaqr,Egypt
344,Briano,Jacqueminet,1997-08-25,Apeldoorn,Netherlands
345,Emogene,Eliassen,1970-07-11,Francisco Beltrão,Brazil
346,Matthew,Kenworthy,1991-06-01,Miyazu,Japan
347,Cathrin,Hagerty,1961-06-18,Turanj,Croatia
348,Cherlyn,Skudder,2007-08-11,Savannah,United States
349,Alastair,Colleran,1974-12-22,Kallífytos,Greece
350,Corilla,Bailie,1964-08-21,Ajaccio,France
351,Lotta,Norwich,1998-01-02,Karangpocok,Indonesia
352,Chryste,Guerin,1992-06-14,Renxian,China
353,Andie,Grinnell,1983-01-07,,
354,Jackqueline,Vasyuchov,2013-09-01,,
355,Blane,Moir,1979-06-28,Jaboatão,Brazil
356,Hubert,Stainfield,1975-11-06,Cajolá,Guatemala
357,Ursuline,Clacson,1978-05-26,Tuntum,Brazil
358,Kassie,Armes,2011-07-16,Ochër,Russia
359,Corly,Izon,2005-12-16,Soloneshnoye,Russia
360,Lorenza,Gricks,1981-10-31,Perpignan,France
361,Aggy,Gooday,1995-08-10,Yukou,China
362,Spense,Staden,1984-06-16,Seydi,Turkmenistan
363,Astrix,Pennycook,,Vouani,Comoros
364,Tiff,Brundale,1976-09-19,Non Sang,Thailand
365,Suzy,Hinzer,2011-11-30,Mallow,Ireland
366,Onfroi,McSparran,1978-01-04,,
367,Editha,Middlemiss,1974-05-26,Poponcol,Indonesia
368,Leonanie,O'Lenechan,2004-06-17,Colima,Costa Rica
369,Florance,McGeachy,1994-10-16,Lidoríki,Greece
370,Barbara,Dulling,,Zaghouan,Tunisia
371,Dennie,Shafto,,Bordeaux,France
372,Simonette,Sunner,1981-07-25,Zhangyang,China
373,Ferdie,Mellody,2010-04-26,Hamilton,United States
374,Arel,Hearse,1979-06-20,Krasnapollye,Belarus
375,Boyce,Pinwell,1962-01-05,Soho,Indonesia
376,Rosemary,Giacovelli,2003-12-01,Oranjestad,"Bonaire, Saint Eustatius and Saba "
377,Anthe,Maddra,1964-11-21,Zavrč,Slovenia
378,Jill,Tothacot,2002-10-21,,
379,Alis,Axup,1962-10-28,Puspajaya,Indonesia
380,Barnett,Gayle,1963-07-29,Hägersten,Sweden
381,Aguste,Pearn,2005-05-15,Floridablanca,Colombia
382,Jobie,Beed,2016-11-09,Orange,France
383,Dunc,Staresmeare,,Nor Yerznka,Armenia
384,Britt,Ducastel,2017-12-16,Yueshan,China
385,Angele,Beek,1991-12-07,Saint-Quentin-en-Yvelines,France
386,Errick,Wickendon,1977-12-05,Bulacan,Philippines
387,Justen,Gatch,1961-10-20,,
388,Sibilla,Asman,1997-02-10,Zoumaping,China
389,Wit,Larmor,1988-10-03,Bogi,Indonesia
390,Bil,Mosten,2011-10-09,Naberezhnyye Chelny,Russia
391,Balduin,Wanek,1974-01-19,Wangcheng,China
392,Marcela,Carletti,2006-09-22,Rayside-Balfour,Canada
393,Brock,Siveyer,2016-11-13,Mó,Portugal
394,Nananne,Cullon,2012-03-03,Paris 01,France
395,Esme,McHardy,1997-02-10,Tangzi,China
396,Raimondo,Skillman,2000-04-16,Sovetskiy,Russia
397,Amii,Fullstone,1972-02-20,Cemara,Indonesia
398,Solly,Emmert,,Pułtusk,Poland
399,Brannon,Drissell,2008-10-09,Puerto Colombia,Colombia
400,Aurea,Fyndon,1969-04-13,Zhaxirabdain,China
401,Felipe,Dubock,2014-04-13,Shimen,China
402,Graham,Werrett,1998-05-22,Uhryniv,Ukraine
403,Anny,Klejna,2002-11-04,Baranowo,Poland
404,Jordanna,Rogger,2010-09-12,Ying’ebu,China
405,Chiquia,Ishaki,1970-12-26,Tibillo,Peru
406,Rhodia,Ainger,2003-10-20,,
407,Arlyne,Kimbell,2000-08-31,Kubangkondang,Indonesia
408,Mayne,Kinnach,1971-12-04,Gorna Oryakhovitsa,Bulgaria
409,Mariquilla,Hurdiss,2008-10-26,Karangkeng,Indonesia
410,Donia,Hoxey,1988-10-21,Boguchar,Russia
411,Cecilio,Bartol,1973-03-21,Mawza‘,Yemen
412,Gail,Tadgell,1961-01-22,Yelabuga,Russia
413,Kamillah,Forber,,Lansing,United States
414,Cathrin,O'Loughlin,1974-09-06,Youludu Sibage,China
415,Arv,Pickavance,,Icheon-si,South Korea
416,Tod,Moreman,2007-02-10,Nantes,France
417,Stanleigh,Hollington,1962-11-05,Słońsk,Poland
418,Carrol,By,1960-06-11,Lương Bằng,Vietnam
419,Britte,Tirkin,2007-03-08,Yushan,China
420,Elysia,Maciocia,2009-08-03,,
421,Hermine,Sloyan,1996-11-01,Goiatuba,Brazil
422,Merv,Roxbee,1969-07-18,,
423,Gwendolen,Nice,1983-04-01,Krousón,Greece
424,Melodie,Hillett,1973-07-23,Chum Phae,Thailand
425,Nils,Widdicombe,1993-03-15,Lysyanka,Ukraine
426,Betta,Kingescot,2006-04-10,Kawęczyn,Poland
427,Glynis,Hedan,2009-12-13,Dabancheng,China
428,Alick,Attwater,,Ko Samui,Thailand
429,Reider,Neem,1995-10-20,Sumber Tengah,Indonesia
430,Trevar,Philcox,1969-08-10,Ojiya,Japan
431,Nicolais,Shill,1967-09-12,Gharavŭtí,Tajikistan
432,Lon,McCoish,2000-05-06,Sikonge,Tanzania
433,Cecil,Beasant,1987-07-16,Jingtan,China
434,Augustine,Slocombe,2009-12-27,Gufeng,China
435,Angeli,Ollet,1999-11-04,Yantan,China
436,Romeo,Olford,1961-03-02,Xincheng,China
437,Deana,Stoffers,1987-12-24,La Habana Vieja,Cuba
438,Bibi,Cossentine,2016-06-20,Amu Gulang Baolige,China
439,Jayson,Cressey,2016-11-26,,
440,Joni,Cleminson,1979-05-03,Luleå,Sweden
441,Delcine,Dudenie,,Dulangan,Philippines
442,Staford,Immins,1984-11-07,Nový Knín,Czech Republic
443,Robinett,Epperson,1983-06-24,Arnage,France
444,Andrus,Henriet,2002-09-15,Cambita Garabitos,Dominican Republic
445,Elianora,Balcock,1970-07-29,,
446,Peria,McLleese,2006-08-23,Daji,China
447,Nanny,Eldrett,1962-10-16,Saharna,Moldova
448,Elton,Petrillo,1980-12-03,Wangjiaping,China
449,Sidnee,Salliss,2005-06-30,La Fortuna,Philippines
450,Lelia,Murdy,,Starobelokurikha,Russia
451,Nathalie,Haigh,2013-08-28,Quwaysinā,Egypt
452,Peder,Blowing,1972-10-16,Tiegai,China
453,Roselle,Iglesia,1995-12-04,Buzen,Japan
454,Isiahi,Heiden,2002-08-04,Cervantes,Philippines
455,Benny,Bromehead,1984-03-04,Berlin,Germany
456,Cynde,Pane,,Duqu,China
457,Stanislaus,Primo,1979-02-12,,
458,Verney,Khrishtafovich,1971-06-28,Nueva Ocotepeque,Honduras
459,Gordan,Garforth,1975-11-11,Pedro Sánchez,Dominican Republic
460,Tania,Blanden,2016-07-25,Stegna,Poland
461,Othilia,Hazard,1999-07-02,Póvoa de Penela,Portugal
462,Ahmad,Younger,2000-06-22,Daugai,Lithuania
463,Giacomo,O'Fallon,1990-07-17,Moncton,Canada
464,Ferdinanda,Gravett,1997-07-10,Candelaria,Colombia
465,Gino,Birchall,1992-02-06,Bokhan,Russia
466,Tanny,Chilley,,Longju,China
467,Dehlia,Swindley,1975-04-27,Bobrov,Russia
468,Monroe,McNalley,1979-04-07,Mosina,Poland
469,Emmey,Salan,2002-07-20,Santiago del Estero,Argentina
470,Tori,Locke,1982-10-20,Lüderitz,Namibia
471,Blakeley,Mocquer,1984-02-21,Senlis,France
472,Carlita,Plaskett,,Terong,Indonesia
473,Shandee,Bingham,2005-09-25,,
474,Aldric,Aldington,1996-12-21,Bojadła,Poland
475,Alvina,Pouton,1963-09-09,Przewóz,Poland
476,Ailyn,Pavlitschek,1992-05-07,Cascais,Portugal
477,Philbert,Brantl,2003-08-08,Nusajaya,Malaysia
478,Kerry,Criag,1975-08-16,Ketampak,Indonesia
479,Rickie,Romeuf,1974-12-02,Omboué,Gabon
480,Hamlin,Messiter,,Obanazawa,Japan
481,Sondra,Wixon,2002-11-20,Norrköping,Sweden
482,Meggi,Farfoot,2010-08-05,,
483,Rudolph,Caines,1966-02-26,,
484,Manuel,Cordero,2017-01-14,Los Pinos,Mexico
485,Bell,Alecock,1963-11-14,Karamat,Indonesia
486,Shoshana,Asbrey,2005-09-06,Calibutbut,Philippines
487,Rafferty,Morter,2002-02-07,Tzaneen,South Africa
488,Amby,Szantho,1968-06-06,L’vovskiy,Russia
489,Carlota,Maryan,1984-12-13,Leloboko,Indonesia
490,Shayne,Splevins,1968-07-18,,
491,Waylen,Esilmon,1983-05-24,Xiaoshanzi,China
492,Matilde,Causer,1991-02-06,Sidirókastro,Greece
493,Harlen,Pardie,,Groningen,Netherlands
494,Artus,Buick,1968-10-17,Golovinskiy,Russia
495,Genna,Story,,Cinyawar,Indonesia
496,Briant,Docwra,2011-12-13,Shijiazhuang,China
497,Bernadette,Keyho,1972-04-05,Fuyu,China
498,Drew,Woodhams,2015-01-12,Babakanbungur,Indonesia
499,Reg,Python,1970-01-06,Lewokluok,Indonesia
500,Craggie,Abramchik,,Kanginan,Indonesia
501,Niven,Keets,1991-03-18,Zalţan,Libya
502,Joellyn,Werrilow,2001-11-26,Temenggungan,Indonesia
503,Alysa,Meagh,1989-05-12,Cipari,Indonesia
504,Fabian,Sone,2016-12-22,,
505,Marylinda,Brazier,,Fenshui,China
506,Karrah,Lamps,2016-12-30,Talu,Indonesia
507,Mikael,Najara,1963-10-14,Ganjur,Indonesia
508,Lynnelle,Longwood,2011-03-07,,
509,Jess,Handover,1965-09-22,Sanandaj,Iran
510,Marthena,Brun,2004-09-18,Lido,Indonesia
511,Stanislaw,Kimbrey,2014-05-25,Deh-e Now,Afghanistan
512,Barde,Dikels,1973-12-21,Karney Shomron,Palestinian Territory
513,Vicki,Castro,1974-08-27,Hongtang,China
514,Brenna,Capstack,1962-12-12,Aix-en-Provence,France
515,Kania,Yatman,2002-01-09,Puteaux,France
516,Agneta,Cranmer,1978-05-30,Plateliai,Lithuania
517,Eugine,Wathall,1986-06-06,Mhango,Tanzania
518,Candy,Handrock,2000-12-13,Bằng Lũng,Vietnam
519,Lyndsay,Briiginshaw,1963-03-15,Göteborg,Sweden
520,Mendy,McCall,1977-12-08,Jejkowice,Poland
521,Shannan,Bullas,1997-01-15,Passos,Portugal
522,Aloysia,Friday,2016-02-18,Blora,Indonesia
523,Nichole,Collerd,1988-04-08,Złotoryja,Poland
524,Claudette,Robertis,1996-08-26,Oganlima,Indonesia
525,Bertrand,Facher,,,
526,Theodosia,De la Yglesia,1986-07-03,Druzhba,Ukraine
527,Alyda,Episcopio,1963-02-14,,
528,Hollyanne,Giorgione,1979-04-20,Dengmingsi,China
529,Gusty,Ivannikov,1998-01-19,Tangzha,China
530,Wally,Mil,1980-01-11,Guangchen,China
531,Carmen,Leddy,2016-10-19,Rodez,France
532,Desirae,Lanchbury,2007-09-16,Useldange,Luxembourg
533,Ethel,Crighton,1962-08-31,Kaset Sombun,Thailand
534,Chas,Benmore,1974-10-09,Ngedhubasa,Indonesia
535,Maxie,Boland,1992-04-23,Capacho Nuevo,Venezuela
536,Sasha,Kemmett,1980-12-31,Shengli,China
537,Philipa,Jakubowsky,1967-01-01,Ondoy,Philippines
538,Blondy,Kalewe,2003-07-19,Simimbaan,Philippines
539,Rochella,Meany,1998-03-08,La Suiza,Costa Rica
540,Nealy,Daft,2002-02-04,La Mula,Venezuela
541,Marina,Cobson,1966-07-01,Hanshou,China
542,Halie,Ghidetti,1993-02-16,Magway,Myanmar
543,Margalo,Izhaky,2006-09-12,Swedru,Ghana
544,Clayborn,Callear,1993-01-27,Waterloo,Canada
545,Bogart,Medway,2009-05-09,,
546,Kimberlee,McGhie,1996-01-19,Skrunda,Latvia
547,Quinn,L'Episcopi,1973-05-25,Ḏânan,Djibouti
548,Morris,McCaughran,1990-10-11,,
549,Tadeas,Riteley,2012-04-20,Jakartovice,Czech Republic
550,Spense,Byrch,2015-09-05,,
551,Annmaria,Dunne,1966-04-21,Steinkjer,Norway
552,Bellanca,Sealy,1978-09-10,,
553,Beltran,Chatfield,1982-11-06,Strelka,Russia
554,Sebastian,Nowaczyk,1990-06-24,Nsok,Equatorial Guinea
555,Gaynor,Harbottle,1978-10-09,Frisange,Luxembourg
556,Lizzie,Cumo,1967-04-19,,
557,Ada,Merchant,2004-09-27,Dawu Chengguanzhen,China
558,Derward,Mathes,1981-02-02,Jiquilillo,Nicaragua
559,Carlita,Dinsmore,2002-03-27,Kaolack,Senegal
560,Gael,Mauvin,1974-04-08,Jembatandua,Indonesia
561,Judye,Piens,1998-05-14,,
562,Janel,D'Errico,1994-09-12,Santiago dos Velhos,Portugal
563,Levin,Borsnall,1980-12-27,Hutou,China
564,Luci,De Anesy,1966-02-23,Fatukanutu,Indonesia
565,Cam,Arnot,1979-10-08,Xiabaishi,China
566,Dolly,Caudrelier,,,
567,Joella,Maleham,1965-07-24,Zwolle,Netherlands
568,Corie,Faithorn,1966-11-29,Strängnäs,Sweden
569,Ric,Dutteridge,1981-09-20,Hebu,China
570,Josias,Pantone,1966-09-06,Jarinu,Brazil
571,Trude,Windrus,1970-10-11,San Juan,Mexico
572,Veronika,Bentsen,1971-12-23,Talaibon,Philippines
573,Gabriello,Clubley,1967-06-19,Tchaourou,Benin
574,Brnaby,Linthead,2011-07-07,Eyvān,Iran
575,Cecile,Biffen,1985-07-15,Jiufang,China
576,Martyn,Kleinplatz,2011-07-30,Sandouping,China
577,Barnebas,Copnar,2016-08-29,Misungwi,Tanzania
578,Jermaine,Straniero,1964-11-29,Tamaulipas,Mexico
579,Doe,Houchen,1982-04-20,Talin Hiag,China
580,Goldy,Scurrer,1966-06-25,Otterburn Park,Canada
581,Blisse,Karlicek,2002-08-19,Hlyboka,Ukraine
582,Marissa,Zanuciolii,2014-01-24,Aleg,Mauritania
583,Shurwood,Marczyk,1966-01-22,Mandaluyong City,Philippines
584,Delores,Matterson,1989-06-24,Wu’erqihan,China
585,Felicle,Djorevic,1992-08-14,,
586,Vanny,Huske,1974-01-15,Āsmār,Afghanistan
587,Regine,Menilove,1989-06-04,Anlu,China
588,Huntley,Very,1977-01-08,Zarasai,Lithuania
589,Cicely,Janssens,1998-05-25,Nalbandyan,Armenia
590,Afton,Heady,1972-01-21,Panaoti,Nepal
591,Herbert,Hick,2000-07-13,Lyon,France
592,Truman,Gartery,1978-07-18,Marseille,France
593,Wendeline,Blyden,1972-09-22,,
594,Alano,Japp,1961-01-28,Changle,China
595,Emmott,Currall,1963-12-21,Mogilany,Poland
596,Christine,Tompkins,2012-02-14,Lelystad,Netherlands
597,Almire,Chatell,2008-03-09,Taipalsaari,Finland
598,Thorin,Cottie,1975-03-29,,
599,Dominga,Considine,1975-12-15,Tuchengzi,China
600,Rogerio,Castell,1994-12-12,Lisovi Sorochyntsi,Ukraine
601,Amil,Iliff,2005-09-17,,
602,Filippo,Searchfield,2006-03-05,La Tigra,Argentina
603,Ringo,Aked,1986-09-18,Caldas,Colombia
604,Reggi,Scudders,2001-01-12,Caldelas,Portugal
605,Ichabod,Cadge,2002-07-08,Sumbersih,Indonesia
606,Nomi,Ropartz,2002-06-05,Baro Kunda,Gambia
607,Zea,Ducastel,1985-05-03,Yaodu,China
608,Gerek,Vallow,1961-04-09,General Alvear,Argentina
609,Rusty,Pady,2015-02-08,Vaulx-en-Velin,France
610,Willem,Cator,2016-08-01,Malko Tŭrnovo,Bulgaria
611,Humfrid,Snoddin,1990-04-10,Tetaf,Indonesia
612,Ignacius,Saenz,1983-03-18,,
613,Cy,Winscomb,1994-01-17,Zhongguan,China
614,Adela,Caughtry,,Rodniki,Russia
615,Fernanda,Benoist,1999-10-25,Stara Kornica,Poland
616,Kristien,Wilderspoon,1985-02-15,Bjärred,Sweden
617,Dallas,Beare,1977-01-06,Kukulu,Indonesia
618,Dud,Depke,2001-12-04,Juan N Alvarez,Mexico
619,Saudra,Dauber,1980-05-22,Talun,Indonesia
620,Charla,Leeman,1989-05-27,Firminy,France
621,Herbert,MacMychem,2011-07-11,Zhangjiahe,China
622,Noland,Tudge,1966-08-28,,
623,Gus,Smorthit,2007-05-24,San Juan,Puerto Rico
624,Rodrique,Scarr,2005-03-25,Novotitarovskaya,Russia
625,Justino,McKea,1978-08-07,Potikosin,Indonesia
626,Erinn,Annis,1991-05-17,Blimbing,Indonesia
627,Celine,Server,1984-03-25,Novoderevyankovskaya,Russia
628,Franny,McAuliffe,1963-01-03,Courelas Bravas,Portugal
629,Almeria,Elson,1986-04-23,Na Kae,Thailand
630,Anastasia,Salterne,,Wuku,China
631,Hyacinthe,Sawden,1972-08-06,Spring,United States
632,Venus,Poupard,1969-02-14,Jinping,China
633,Yank,Figliovanni,1967-11-27,Creighton,South Africa
634,Karena,Burnett,1978-09-21,Červená Voda,Czech Republic
635,Edie,Niven,1992-03-19,Sindangsari,Indonesia
636,Zed,Chaffyn,2008-11-26,,
637,Carlota,Lampaert,2008-12-22,Tsubame,Japan
638,Arnaldo,Cavilla,2012-11-28,Ragana,Latvia
639,Brewster,Vaughten,1976-05-10,Xinchengzi,China
640,Jada,Cleen,1978-06-17,Taytay,Philippines
641,Cristal,Simao,1994-09-30,Chengui,China
642,Milicent,Cadigan,,Talakag,Philippines
643,Gabriell,Gavigan,1972-09-11,Kapakabisa,Indonesia
644,Ashlee,O'Moylane,2009-01-02,Maceda,Portugal
645,Waylan,Lissett,1993-05-14,Akat Amnuai,Thailand
646,Arnold,McWhan,1989-05-30,Juexi,China
647,Ware,Maidment,2007-01-31,Gręboszów,Poland
648,Blinnie,Marcq,1974-11-20,Canalete,Colombia
649,Calli,Schmidt,1974-08-18,Baoli,China
650,Mehetabel,Wallace,1970-07-30,Beselga,Portugal
651,Corabella,Foyster,2012-04-01,Prawdzinski,Belarus
652,Dwain,Derobert,1962-04-06,Mbaké,Senegal
653,Aurlie,Stother,1964-02-23,Vargem Grande Paulista,Brazil
654,Selle,Baldoni,1971-02-13,San Roque,Philippines
655,Miran,Frugier,2016-01-20,,
656,Priscella,Van Dalen,2000-08-04,Kota Kinabalu,Malaysia
657,Idelle,Abbado,1966-06-23,Igunga,Tanzania
658,Arlene,Lovegrove,1980-03-24,,
659,Blakelee,Hallatt,1973-07-07,Fengyan,China
660,Trisha,Rosenwald,1981-05-22,Xianan,China
661,Alejandro,Laycock,1978-03-27,,
662,Ondrea,Reyburn,1968-06-18,Kodamachō-kodamaminami,Japan
663,Bettye,Stoke,1966-04-03,Bauta,Cuba
664,Afton,Arcase,1991-07-06,Almafuerte,Argentina
665,Rahal,Rigts,2006-02-02,Samouco,Portugal
666,Solly,Kimberley,1982-10-30,Monastyryshche,Ukraine
667,Meredith,Nortunen,1980-12-14,El Cantón de San Pablo,Colombia
668,Donalt,Wildbore,1980-09-07,Drohiczyn,Poland
669,Ruttger,Farlowe,1963-01-29,Oslo,Norway
670,Anson,Messenbird,2004-12-18,Liqiao,China
671,Robina,Ivkovic,1974-06-24,Duko,Indonesia
672,Korie,Dicker,2004-02-01,Lishui,China
673,Morty,Keasy,2001-05-10,Xiaheqing,China
674,Joey,Melmeth,2010-07-12,Tha Muang,Thailand
675,Dylan,Lockett,1991-08-23,,
676,Delmore,Kobpac,1997-03-21,Dimitrovgrad,Bulgaria
677,Danika,Rableau,2000-03-08,Matozinhos,Brazil
678,Avivah,Burder,1985-02-10,Dubrava,Croatia
679,Bunny,Beany,,Bocos,Philippines
680,Faun,Seeviour,1979-06-20,Sengeti,Indonesia
681,Kippar,Dobby,2003-04-30,Situsari,Indonesia
682,Elisabeth,Benton,1985-04-22,Chirongui,Mayotte
683,Paule,Caiger,1994-01-31,Meiyuan Xincun,China
684,Alice,Jozsef,2009-12-01,Beigang,China
685,Thelma,Becom,1974-06-20,Asopía,Greece
686,Karyl,Philipsson,1964-07-05,Tembongraja,Indonesia
687,Aland,Duffer,2000-07-24,Memphis,United States
688,Kimbra,Biddwell,1987-08-20,Santa Justina,Philippines
689,Avram,Gaymar,2012-01-02,Slantsy,Russia
690,Vivianna,Stanmore,2012-08-15,Bateria,Philippines
691,Blondell,Seabrooke,,Sukamenak,Indonesia
692,Babs,Kensit,2017-06-09,Angra dos Reis,Brazil
693,Jamil,Pike,1965-03-19,Huangmei,China
694,Lark,Skipton,2001-08-24,Zhangtan,China
695,Bendick,Orteau,,Nizwá,Oman
696,Bram,St Pierre,1998-10-26,Kao Liao,Thailand
697,Patty,Jaques,1968-08-30,,
698,Hyatt,Wycliffe,1978-10-24,,
699,Randi,Greenley,2002-08-26,Fazenda de Santa Cruz,Portugal
700,Winonah,Steiner,1991-01-10,Tanumshede,Sweden
701,Corette,Badsworth,1970-06-26,Duri,Indonesia
702,Karlene,Connow,2001-05-31,Yangshan,China
703,Audry,Grindle,1972-04-21,,
704,Miguelita,Gorring,1969-02-14,Thung Khru,Thailand
705,Val,Whitman,,Rowokangkung,Indonesia
706,Mychal,Coverly,1971-08-11,,
707,Brewer,Delgardo,1983-09-03,Kendung Timur,Indonesia
708,Xaviera,Monckton,2003-11-14,,
709,Pincus,McCague,2013-04-02,Shnogh,Armenia
710,Val,Crummey,1961-01-02,,
711,Leland,Sorsbie,1965-01-05,Granada,Colombia
712,Kermit,Perrins,1991-09-25,Áthyra,Greece
713,Worthy,Bernaert,1975-02-17,Piława Górna,Poland
714,Claude,Heller,1962-02-08,Laguna,Brazil
715,Clay,Nelthrop,2000-04-18,Paço,Portugal
716,Tami,Deverill,1985-01-24,Brodnica,Poland
717,Melly,Witcombe,2016-02-03,,
718,Adam,Papa,2013-07-31,Balykchy,Kyrgyzstan
719,Raine,Flower,2011-11-14,Sztum,Poland
720,Lea,Haylock,,Huolianpo,China
721,Jermayne,Boome,,Rondonópolis,Brazil
722,Durante,Tapply,1960-12-10,,
723,Joya,Granger,1982-11-13,Waterloo,Sierra Leone
724,Sutherlan,Slessar,1993-12-02,Malim,Philippines
725,Prudi,Glendining,1967-12-24,Igarapé,Brazil
726,Marleen,Spellsworth,1990-05-11,Kolpashevo,Russia
727,Arney,Jochen,2013-10-05,Stockholm,Sweden
728,Georgeta,Cossell,2001-05-15,Henan’an,China
729,Jazmin,Crilly,1964-10-05,Buyun,China
730,Ora,Safell,1989-07-09,Fort-de-France,Martinique
731,Mada,Smellie,,Yuchi,China
732,Marcus,Bilsland,1972-05-06,,
733,Regen,Hanway,2008-10-10,Pavlovsk,Russia
734,Tibold,Kunert,2009-09-07,Belyy Yar,Russia
735,Dedra,Brennenstuhl,1970-06-25,Jimaguayú,Cuba
736,Marinna,Lipp,1977-12-10,Yangmingbu,China
737,Lacie,Fergusson,1972-12-26,Shofirkon,Uzbekistan
738,Alysa,O'Ferris,1969-03-25,Berón de Astrada,Argentina
739,Pasquale,Moen,1976-10-24,Chiconi,Mayotte
740,Sheffield,Glading,2007-03-28,Ashikaga,Japan
741,Ignacio,Lubeck,2002-09-20,Zebrzydowice,Poland
742,Melessa,Paslow,1977-08-03,Hechuan,China
743,Adelaida,Wards,,Dachuan,China
744,Devondra,Spence,,Fosses,France
745,Eliza,Lineen,1983-06-17,Varkaus,Finland
746,Shanie,Firks,1990-05-22,Manolo Fortich,Philippines
747,Hazel,Fiddyment,1961-01-13,Liboro,Philippines
748,Nickolas,Shearstone,1993-12-20,Tala,Philippines
749,Gris,Broadwell,1980-03-13,Katsuta,Japan
750,Gonzales,Fike,1979-01-02,Almere Haven,Netherlands
751,Estelle,Aspole,1971-11-24,Huxu,China
752,Lamond,Fairpool,2002-02-14,Dadus,Philippines
753,Eydie,Girardot,2001-03-13,Dobrljin,Bosnia and Herzegovina
754,Ethelin,Duckhouse,1979-12-06,Tongjing,China
755,Westleigh,Willison,1971-08-16,Cibaregbeg Dua,Indonesia
756,Gretel,Knewstubb,2004-06-05,,
757,Jemima,Verzey,2013-11-14,Duotian,China
758,Leanora,Ahmad,1986-06-07,Neuquén,Argentina
759,Silvester,Chessil,1966-08-01,Kalchevaya,Ukraine
760,Glenine,Blindermann,1985-05-03,Espírito Santo do Pinhal,Brazil
761,Pascal,Duinkerk,2001-03-06,Hanzhong,China
762,Starlin,Gascoyen,2004-07-23,Estelí,Nicaragua
763,Avis,Laughnan,1963-09-07,Huzhou,China
764,Denise,Dalgliesh,1967-09-15,Tsotsin-Yurt,Russia
765,Briant,Claeskens,1974-12-21,Málaga,Colombia
766,Neile,McLellan,,Ob’,Russia
767,Baxter,Gumbrell,1982-04-07,Osvaldo Cruz,Brazil
768,Martica,Chillcot,2017-09-13,North Perth,Canada
769,Pippy,Grigs,1994-03-02,Bells Corners,Canada
770,Aksel,Sier,1997-01-27,Nowogard,Poland
771,Amalia,Bech,2000-09-20,Manogay,Afghanistan
772,Cletis,Schwier,1970-03-09,,
773,Mira,McFadden,1999-07-01,Suure-Jaani,Estonia
774,Godart,Duinbleton,,Banjar Danginsema,Indonesia
775,Cloe,Symones,2012-07-31,Norton,United Kingdom
776,Ally,Bernardotte,1960-08-06,Medveđa,Serbia
777,Andria,Dixon,1994-09-04,Malya,Tanzania
778,Mord,Capenor,1968-04-08,Moutsamoudou,Comoros
779,Matthew,Tomaskov,2000-05-01,Miguel Hidalgo,Mexico
780,Ronny,O'Mullally,2011-10-23,Yanqi,China
781,Walton,Spear,1985-11-28,Tumu,Indonesia
782,Simone,Abraham,1972-04-06,Ozëry,Russia
783,Misty,Mandre,1962-03-27,Lin’an,China
784,Wood,Burl,2002-04-05,Pocito,Argentina
785,Matt,Turtle,1970-06-11,Xianghe,China
786,Karyl,Olivie,2009-02-22,Sīrīs,Palestinian Territory
787,Hadrian,Swaisland,2014-10-06,Sambong,Indonesia
788,Dinnie,Braben,2003-01-08,Xique Xique,Brazil
789,Warner,Dressel,1986-12-06,Daminggong,China
790,Dasya,Ainslie,1986-03-04,Casalinho,Portugal
791,Randa,Crothers,1969-05-25,Monte Aprazível,Brazil
792,Neill,Leyson,1980-08-26,Kvasiny,Czech Republic
793,Cristin,Kipling,1968-10-21,,
794,Ericka,Esslemont,1995-01-30,Guaíra,Brazil
795,Giusto,Garham,1998-04-16,Pereleshino,Russia
796,Shelton,Bremner,1964-05-07,Postojna,Slovenia
797,Cherilynn,Cruikshanks,,Yangzhen,China
798,Fredrika,Pankettman,1966-06-13,Aleksandrovac,Serbia
799,Fanchon,Schrei,2011-08-22,Bibai,Japan
800,Wilton,Katte,2000-09-10,Tajinan,Indonesia
801,Cristobal,Bartholomew,1995-04-06,Nyrob,Russia
802,Osbert,Blasius,1982-11-07,Yegor’yevsk,Russia
803,Paton,Sharram,2004-07-11,Alaghsas,Niger
804,Roderigo,Chattoe,2008-09-06,Maracay,Venezuela
805,Kynthia,McAlarney,1974-05-14,Miami Beach,United States
806,Shelton,Cornfoot,1978-01-20,Yāsūf,Palestinian Territory
807,Brandy,Oke,1999-07-05,Yŏnggwang-ŭp,North Korea
808,Puff,Haversum,1979-08-08,Aībak,Afghanistan
809,Nesta,McQuin,1970-10-08,Chaiyaphum,Thailand
810,Boy,Sargison,1995-03-01,Stykkishólmur,Iceland
811,Liva,Dolbey,2015-07-15,Erqu,China
812,Eadmund,Fishly,1981-10-30,Ciomas,Indonesia
813,Lilllie,Glenister,1963-10-07,Kertapura,Indonesia
814,Royce,Ravens,1970-09-28,Narathiwat,Thailand
815,Vincent,Garford,1994-10-20,,
816,Anderea,Cadamy,2015-06-16,Tešanj,Bosnia and Herzegovina
817,Renard,Northin,,As Sukhnah,Syria
818,Lynne,Ossipenko,1987-03-20,Timbrangan,Indonesia
819,Filippo,Kippax,1983-09-19,Palenggihan,Indonesia
820,Jarib,McIlveen,1983-01-03,Rudolfov,Czech Republic
821,Brook,Pickersgill,2010-09-01,Lubasz,Poland
822,Arabele,Westwick,2000-05-04,Taizi,China
823,Seline,Tosh,2010-11-05,,
824,Dalton,Rutter,1976-05-04,Jeziorany,Poland
825,Wallache,Redford,2017-06-03,Libertad,Philippines
826,Kareem,Kondratovich,,San Antonio Aguas Calientes,Guatemala
827,Corette,Lansdale,1996-03-20,Mungkin,Indonesia
828,Bernhard,Beebis,1975-02-17,Baikui,China
829,Teodoor,Godsal,2011-04-13,Phú Vang,Vietnam
830,Neely,Cockroft,1993-12-27,Honghua’erji,China
831,Arni,Scading,1987-08-20,Jiangtian,China
832,Benny,Yakushkin,1975-09-17,Smyków,Poland
833,Keelia,MacGillreich,1985-08-01,Tawan tawan,Philippines
834,Judas,Pawfoot,1996-05-10,Effium,Nigeria
835,Verne,Mellanby,1987-10-29,Sufang,China
836,Christa,Dunning,2006-10-30,Shar,Kazakhstan
837,Henriette,Baldacco,1978-05-22,Casais Baleal,Portugal
838,Skippie,Augustus,2006-12-05,Ulster Spring,Jamaica
839,Wendall,Naul,1967-08-31,Verbilki,Russia
840,Adele,Dominici,1964-11-03,Bethlehem,United States
841,Seymour,Geere,1975-06-20,Luzhi,China
842,Jorgan,Gabitis,1987-07-11,Bukor,Serbia
843,Harlen,Doumenc,1979-03-16,Lunéville,France
844,Arluene,Teresi,1978-02-03,As Suwaydā,Yemen
845,Jacinda,Bertelet,1960-11-19,Palla,Indonesia
846,Amii,Dinkin,1990-07-08,Wróblew,Poland
847,Harmon,Petrushka,2012-08-15,Głuchów,Poland
848,Dara,Capponeer,1975-12-26,Princeville,Canada
849,Robby,Buggy,1988-07-07,Cerrito,Paraguay
850,Raphaela,Jonathon,1975-09-27,Rietavas,Lithuania
851,Penni,Allgood,1971-06-16,Montpellier,France
852,Timmy,Wookey,1960-09-23,Reno,United States
853,Nicola,Torns,1996-02-13,San Juan de la Maguana,Dominican Republic
854,Darcee,Pretley,1974-02-27,Rumāh,Yemen
855,Ophelia,Culmer,2008-06-14,,
856,Emelyne,Burrells,2007-12-25,Néa Ionía,Greece
857,Debera,Bruck,2004-12-02,Savé,Benin
858,Garik,Crowe,2015-08-09,Banjar Lalangpasek,Indonesia
859,Sapphire,Steer,2002-07-15,Arboga,Sweden
860,Giraud,Badsey,2006-02-16,Hetai,China
861,Dominga,Vivyan,1994-09-07,Shibli,Israel
862,Carlin,Gavahan,1971-05-30,Poços de Caldas,Brazil
863,Annmaria,Feighney,1966-07-20,Condado,Cuba
864,Bartlett,Staden,2008-10-18,Taocun,China
865,Lorine,Tanzig,2013-08-16,Simuay,Philippines
866,Anita,Prescot,2000-02-01,Tyresö,Sweden
867,Alice,Smoughton,1988-10-24,,
868,Robby,Iglesia,2008-08-15,Benešov nad Ploučnicí,Czech Republic
869,Saudra,Shoosmith,1980-05-09,Hantsavichy,Belarus
870,Nannie,Paine,1979-09-03,Opi,Nigeria
871,Barbee,Guice,,Taquile,Peru
872,Fredrika,Golson,2004-07-20,Mandi Bahāuddīn,Pakistan
873,Tabbitha,Spafford,2005-09-03,Hermoso Campo,Argentina
874,Yancy,Ilyinykh,1971-12-02,,
875,Millard,Isaksson,2010-08-28,Karanganyar,Indonesia
876,Yovonnda,Watsham,1968-07-07,Tyret’ Pervaya,Russia
877,Caldwell,Probate,1973-05-09,Ust’ye,Russia
878,Cull,Routley,2001-11-10,Cinangka,Indonesia
879,Elwira,Pehrsson,2007-06-12,Boissy-Saint-Léger,France
880,Philly,Hares,1971-12-16,Talawakele,Sri Lanka
881,Zsazsa,De La Cote,1962-03-31,Dindima,Nigeria
882,Ruperta,Vasichev,1961-11-14,Owase,Japan
883,Jesse,Deeney,1988-08-07,Boucherville,Canada
884,Bernadene,Corris,1987-03-25,Boneng,Indonesia
885,Alwyn,Messiter,1964-09-24,Governador Valadares,Brazil
886,Miner,Hansel,1998-02-11,Orikum,Albania
887,Dyann,Labba,2013-12-04,Nīkêh,Afghanistan
888,Ali,Holdall,1979-12-07,Addiet Canna,Ethiopia
889,Tisha,Kahen,1980-07-26,,
890,Lenora,Bottoms,1999-12-28,Budzów,Poland
891,Jennica,Booeln,1978-08-05,,
892,Bidget,Alesi,1976-09-19,,
893,Oona,Rigard,2002-10-31,Stobreč,Croatia
894,Gunther,Gaven,1991-06-27,,
895,Kort,Goodwill,1972-09-07,,
896,Shamus,Dandy,1974-07-13,,
897,Alfonse,Oakhill,2004-08-12,Medovene,Bulgaria
898,Dreddy,Abadam,2014-01-22,Omaha,United States
899,Winnifred,Webburn,1962-04-29,Şurmān,Libya
900,Willi,Fair,1994-02-24,Muramvya,Burundi
901,Aeriel,Crichton,1974-01-08,Bačka Palanka,Serbia
902,Sarene,Littlefield,1989-06-05,Vyaz’ma,Russia
903,Alethea,Georgelin,2000-01-02,Bromma,Sweden
904,Kyle,Haggerstone,1965-12-09,Jatirogo,Indonesia
905,Levi,Baggelley,1983-01-02,Agdangan,Philippines
906,Shirlene,Goodanew,1994-01-18,Arauca,Colombia
907,Noella,Torn,1978-07-23,Mattawa,Canada
908,Katha,Haime,1987-06-04,Bajiao,China
909,Haily,Balint,1987-06-27,Yaruchel,Honduras
910,Ronnie,Mitchley,2012-09-21,Kumanovo,Macedonia
911,Tore,Vardie,2015-04-01,Kraskino,Russia
912,Lonnard,Gilham,2015-03-15,Kedungbanteng Krajan,Indonesia
913,Nobie,Thick,1992-05-01,Xiangzikou,China
914,Gunther,Gawkroge,,Krasnaya Gorka,Russia
915,Ferdy,Rae,2009-12-14,Berovo,Macedonia
916,Karleen,Cridge,1976-08-21,Garland,United States
917,Bryon,Aiers,1965-07-06,San Ramón,Uruguay
918,Lars,Cleeve,1998-07-13,Irasan,Philippines
919,Toby,Metzing,1979-10-15,,
920,Belinda,Mushett,2006-12-19,Wohyń,Poland
921,Marcus,Charer,1978-08-12,Dongqu,China
922,Leslie,D'Adda,2007-05-17,Oslo,Norway
923,Jacinta,Grinley,1975-11-21,Dengzhuang,China
924,Clotilda,Grimmolby,1967-12-04,Cikaludan,Indonesia
925,Babita,Udell,2017-05-08,Elmira,United States
926,Tobias,Faveryear,1965-05-07,Temirtau,Kazakhstan
927,Frankie,Manoelli,1995-04-24,Panyam,Nigeria
928,Sasha,Retchford,2009-12-08,Koslan,Russia
929,Yettie,Shackleford,1994-07-17,Lashma,Russia
930,Lizzy,Speers,1989-10-11,Osek nad Bečvou,Czech Republic
931,Karney,Kalisch,2000-06-01,Tchintabaraden,Niger
932,Natal,Cobelli,1993-08-03,Stockholm,Sweden
933,Berky,Parish,1998-09-16,Rennes,France
934,Shandie,Warboy,1976-03-13,Sruni,Indonesia
935,Karine,Duigan,1991-01-07,Millet,Canada
936,Tate,Cossell,1978-01-25,Massawa,Eritrea
937,Georges,Helks,2002-11-12,Cherkasskoye,Russia
938,Kelila,Pidgeon,1997-06-19,Saint-Maurice-l'Exil,France
939,Cordula,Hold,2016-09-21,Siaton,Philippines
940,Axe,Gierck,1991-10-27,Zamora,Spain
941,Oralia,Ferrarin,2008-05-06,Niška Banja,Serbia
942,Casandra,Genny,1991-01-11,Babirik,Indonesia
943,Mag,McSweeney,2001-01-26,Nanping,China
944,Beth,Linley,1987-03-08,Santa Cruz,Mexico
945,Noah,Maguire,1960-08-11,Chagou,China
946,Arlina,Emeny,2015-11-14,Canton,United States
947,Loretta,Mattia,1970-01-27,Kinamayan,Philippines
948,Leyla,Ervin,1991-08-22,Shah Alam,Malaysia
949,Lavinie,Gregory,2004-01-15,Artybash,Russia
950,Goober,Argue,1978-01-09,Longlisuo,China
951,Augustin,Jaeggi,1979-08-18,San Jose,Philippines
952,Gilburt,Jiricka,1979-06-04,Amsterdam Noord west,Netherlands
953,Lazar,Carlsen,1978-06-18,Sigetec,Croatia
954,Wolfie,O' Connell,2015-05-25,Ljubno ob Savinji,Slovenia
955,Sheree,Ody,1995-10-22,Várzea Paulista,Brazil
956,Tiffy,Rawcliff,2008-08-16,Yushang,China
957,Hastie,Jenkison,2009-07-11,Braço do Norte,Brazil
958,Davis,Santus,2001-11-02,Winong,Indonesia
959,Mort,Drewson,1969-01-23,Wulan,China
960,Gwynne,Dabney,1970-05-23,Novonukutskiy,Russia
961,Alaster,Cartan,1962-08-30,Bykov,Russia
962,Osmund,Rolf,1970-11-17,Krasnaya Poyma,Russia
963,Fernande,Ellingham,2014-01-20,Baibu,China
964,Analise,Gero,1987-08-26,Akron,United States
965,Allx,Tourle,1988-03-31,Minien East,Philippines
966,Paton,Worshall,1979-05-12,Romny,Russia
967,Flora,Bysouth,2002-04-09,Halton,United Kingdom
968,Prue,Sjostrom,1980-06-11,Hukou,China
969,Everett,Huitson,1986-04-13,,
970,Ursola,Rassmann,2007-03-15,Jubung,Indonesia
971,Sharyl,Dudeney,2004-01-23,Magnitka,Russia
972,Lindy,Eastmead,2006-06-16,Gornji Breg,Serbia
973,Brendin,Liveley,2007-02-24,Sarvaš,Croatia
974,Feliza,Stenet,2012-01-03,Somovo,Russia
975,Davita,Henriquet,1974-02-15,Zagoryanskiy,Russia
976,Myrtie,Havock,1969-03-14,Mashtūl as Sūq,Egypt
977,Dorian,Dobel,2014-05-17,Batumi,Georgia
978,Wilhelmine,Lescop,1968-02-28,Dongfeng,China
979,Mitchell,Halvorsen,1986-08-04,Slyudyanka,Russia
980,Liana,Harower,1972-07-05,Koszyce Wielkie,Poland
981,Raynard,Newgrosh,1970-05-03,Razan,Iran
982,Lionello,Maleney,2005-03-03,Concordia,Philippines
983,Kate,Fullom,1991-02-01,Duczki,Poland
984,Lacee,Lucks,2014-07-16,Kokop,Indonesia
985,Christopher,Andrick,1977-08-20,Guozhuang,China
986,Layne,Hellier,1992-08-31,Jindong,China
987,Finley,Tessington,1974-02-06,,
988,Jackie,Ackrill,2003-11-22,Gravataí,Brazil
989,Wylma,Pracy,1995-11-05,Jiujiang,China
990,Kristoforo,Robjents,1965-07-14,Puzi,China
991,Launce,Tack,1985-07-14,Encrucijada,Cuba
992,Neel,Clementucci,2007-02-09,Brétigny-sur-Orge,France
993,Gradeigh,Caldaro,1965-09-03,Suvorovo,Bulgaria
994,Bernie,Pinock,1976-03-22,Ajax,Canada
995,Allene,Rickarsey,,Ar Rawḑah,Yemen
996,Pegeen,Hrishanok,1968-10-24,P’asanauri,Georgia
997,Kaycee,Dobinson,1966-05-25,Castlebellingham,Ireland
998,Vivien,Weatherby,1992-01-03,Sheregesh,Russia
999,Renado,Bartolomeo,2017-04-16,Alfonso,Philippines
1000,Kahlil,Crisall,2012-11-22,Ojo de Agua,Mexico
